CustomerID;FirstName;LastName;Title;Street;PostalCode;City;CountryCode_code;PhoneNumber;EMailAddress
000001;Theresia;Buchholm;Mrs.;Lerchenstr. 82;71116;Gaertringen;DE;+49-341-184709;theresia.buchholm@flight.example.de
000002;Johannes;Buchholm;Mr.;Muehltalstr. 14;68723;Schwetzingen;DE;+49-291-299232;johannes.buchholm@flight.example.de
000003;James;Buchholm;Mr.;Froschstr. 91;90419;Nuernberg;DE;+49-601-130850;james.buchholm@flight.example.de
000004;Jean;Detemple;Mr.;Federal Avenue 49;76018;Arlington;US;+1-149-196991;jean.detemple@flight.example.us
000005;Claire;Detemple;Mrs.;rue de Moillebeau 46;1211;Genève;CH;+41-197-711125;claire.detemple@flight.example.ch
000006;Sophie;Balzac;Mrs.;route de Pégomas 45;78140;Vélizy;FR;+33-413-794457;sophie.detemple@flight.example.fr
000007;Jean;Detemple;Mr.;Windstone Drive 49;76018;Arlington;US;+1-898-378215;jean.detemple@flight.example.us
000008;Allen;Detemple;Mr.;17th St. 65;07666;Teaneck;US;+1-632-320607;allen.detemple@flight.example.us
000009;Ulla;Detemple;Mrs.;Pza. Pablo Ruiz Picasso 71;28020;Madrid;ES;+34-438-265507;ulla.detemple@flight.example.es
000010;Jean-Luc;Detemple;Mr.;17th St. 93;22334;San Francisco;US;+1-756-085031;jean-luc.detemple@flight.example.us
000011;Christine;Detemple;Mrs.;Pza. Pablo Ruiz Picasso 76;41006;Sevilla;ES;+34-262-297947;christine.detemple@flight.example.es
000012;Ulla;Barth;Mrs.;Camelias 71;28020;Madrid;ES;+34-891-254261;ulla.barth@flight.example.es
000013;Guillermo;Barth;Mr.;Lake Shore Drive 68;17758;N. Massapequa;US;+1-649-611786;guillermo.barth@flight.example.us
000014;Cindy;Macron;Mrs.;rue Nieuport 51;06130;Grasse;FR;+33-614-244824;cindy.gutenberg@flight.example.fr
000015;Benjamin;Laplace;Mr.;Rue Balzac 94;75839;Paris;FR;+33-702-290855;benjamin.gutenberg@flight.example.fr
000016;Andrej;Gutenberg;Mr.;Hasnerstrasse 12;4020;Linz;AT;+43-541-295006;andrej.gutenberg@flight.example.at
000017;Jean-Luc;Gutenberg;Mr.;Voodoo Avenue 92;22334;San Francisco;US;+1-724-243193;jean-luc.gutenberg@flight.example.us
000018;Allen;Gutenberg;Mr.;Golden Gate Drive 64;07666;Teaneck;US;+1-461-048473;allen.gutenberg@flight.example.us
000019;Astrid;Gutenberg;Mrs.;Franz-Marc-Str. 80;71116;Gaertringen;DE;+49-554-155645;astrid.gutenberg@flight.example.de
000620;Adam;Leisert;Mr.;Via Giulio Cesare 55;00195;Roma;IT;+39-405-319565;adam.leisert@flight.example.it
